[{"model": "admin.logentry", "pk": 1, "fields": {"action_time": "2021-07-05T19:21:49.513Z", "user": 1, "content_type": 9, "object_id": "1", "object_repr": "МУЛЬТФИЛЬМЫ", "action_flag": 1, "change_message": "[{\"added\": {}}]"}}, {"model": "admin.logentry", "pk": 3, "fields": {"action_time": "2021-07-11T19:23:02.705Z", "user": 1, "content_type": 9, "object_id": "2", "object_repr": "СЕРИАЛЫ", "action_flag": 1, "change_message": "[{\"added\": {}}]"}}, {"model": "admin.logentry", "pk": 4, "fields": {"action_time": "2021-07-11T20:24:25.692Z", "user": 1, "content_type": 8, "object_id": "1", "object_repr": "Роджер Аллерс", "action_flag": 1, "change_message": "[{\"added\": {}}]"}}, {"model": "admin.logentry", "pk": 5, "fields": {"action_time": "2021-07-11T20:28:27.826Z", "user": 1, "content_type": 10, "object_id": "1", "object_repr": "Мюзикл", "action_flag": 1, "change_message": "[{\"added\": {}}]"}}, {"model": "admin.logentry", "pk": 6, "fields": {"action_time": "2021-07-11T20:29:00.186Z", "user": 1, "content_type": 10, "object_id": "2", "object_repr": "Драма", "action_flag": 1, "change_message": "[{\"added\": {}}]"}}, {"model": "admin.logentry", "pk": 7, "fields": {"action_time": "2021-07-11T20:31:50.448Z", "user": 1, "content_type": 8, "object_id": "2", "object_repr": "Мэттью Бродерик", "action_flag": 1, "change_message": "[{\"added\": {}}]"}}, {"model": "admin.logentry", "pk": 8, "fields": {"action_time": "2021-07-11T20:32:11.213Z", "user": 1, "content_type": 8, "object_id": "3", "object_repr": "Джереми Айронс", "action_flag": 1, "change_message": "[{\"added\": {}}]"}}, {"model": "admin.logentry", "pk": 9, "fields": {"action_time": "2021-07-11T20:32:25.460Z", "user": 1, "content_type": 8, "object_id": "4", "object_repr": "Нэйтан Лейн", "action_flag": 1, "change_message": "[{\"added\": {}}]"}}, {"model": "admin.logentry", "pk": 10, "fields": {"action_time": "2021-07-11T20:32:33.701Z", "user": 1, "content_type": 11, "object_id": "1", "object_repr": "Король Лев", "action_flag": 1, "change_message": "[{\"added\": {}}, {\"added\": {\"name\": \"\\u041a\\u0430\\u0434\\u0440 \\u0438\\u0437 \\u0444\\u0438\\u043b\\u044c\\u043c\\u0430\", \"object\": \"kl_1\"}}, {\"added\": {\"name\": \"\\u041a\\u0430\\u0434\\u0440 \\u0438\\u0437 \\u0444\\u0438\\u043b\\u044c\\u043c\\u0430\", \"object\": \"kl_2\"}}, {\"added\": {\"name\": \"\\u041a\\u0430\\u0434\\u0440 \\u0438\\u0437 \\u0444\\u0438\\u043b\\u044c\\u043c\\u0430\", \"object\": \"kl_3\"}}, {\"added\": {\"name\": \"\\u041a\\u0430\\u0434\\u0440 \\u0438\\u0437 \\u0444\\u0438\\u043b\\u044c\\u043c\\u0430\", \"object\": \"kl_4\"}}, {\"added\": {\"name\": \"\\u041a\\u0430\\u0434\\u0440 \\u0438\\u0437 \\u0444\\u0438\\u043b\\u044c\\u043c\\u0430\", \"object\": \"kl_5\"}}]"}}, {"model": "admin.logentry", "pk": 11, "fields": {"action_time": "2021-07-11T20:36:51.081Z", "user": 1, "content_type": 9, "object_id": "3", "object_repr": "Полнометражный", "action_flag": 1, "change_message": "[{\"added\": {}}]"}}, {"model": "admin.logentry", "pk": 12, "fields": {"action_time": "2021-07-11T20:55:09.809Z", "user": 1, "content_type": 9, "object_id": "3", "object_repr": "ПОЛНОМЕТРАЖНЫЙ", "action_flag": 2, "change_message": "[{\"changed\": {\"fields\": [\"\\u041a\\u0430\\u0442\\u0435\\u0433\\u043e\\u0440\\u0438\\u044f\"]}}]"}}, {"model": "admin.logentry", "pk": 13, "fields": {"action_time": "2021-07-11T21:07:00.665Z", "user": 1, "content_type": 8, "object_id": "5", "object_repr": "Мэттью МакКонахи", "action_flag": 1, "change_message": "[{\"added\": {}}]"}}, {"model": "admin.logentry", "pk": 14, "fields": {"action_time": "2021-07-11T21:09:31.319Z", "user": 1, "content_type": 8, "object_id": "6", "object_repr": "Энн Хэтэуэй", "action_flag": 1, "change_message": "[{\"added\": {}}]"}}, {"model": "admin.logentry", "pk": 15, "fields": {"action_time": "2021-07-11T21:10:55.267Z", "user": 1, "content_type": 10, "object_id": "3", "object_repr": "Фантастика", "action_flag": 1, "change_message": "[{\"added\": {}}]"}}, {"model": "admin.logentry", "pk": 16, "fields": {"action_time": "2021-07-11T21:11:58.373Z", "user": 1, "content_type": 10, "object_id": "4", "object_repr": "приключения", "action_flag": 1, "change_message": "[{\"added\": {}}]"}}, {"model": "admin.logentry", "pk": 17, "fields": {"action_time": "2021-07-11T21:14:27.134Z", "user": 1, "content_type": 8, "object_id": "7", "object_repr": "Кристофер Нолан", "action_flag": 1, "change_message": "[{\"added\": {}}]"}}, {"model": "admin.logentry", "pk": 18, "fields": {"action_time": "2021-07-11T21:15:30.564Z", "user": 1, "content_type": 11, "object_id": "2", "object_repr": "Интерстеллар", "action_flag": 1, "change_message": "[{\"added\": {}}, {\"added\": {\"name\": \"\\u041a\\u0430\\u0434\\u0440 \\u0438\\u0437 \\u0444\\u0438\\u043b\\u044c\\u043c\\u0430\", \"object\": \"interstellar1\"}}, {\"added\": {\"name\": \"\\u041a\\u0430\\u0434\\u0440 \\u0438\\u0437 \\u0444\\u0438\\u043b\\u044c\\u043c\\u0430\", \"object\": \"interstellar2\"}}, {\"added\": {\"name\": \"\\u041a\\u0430\\u0434\\u0440 \\u0438\\u0437 \\u0444\\u0438\\u043b\\u044c\\u043c\\u0430\", \"object\": \"interstellar3\"}}, {\"added\": {\"name\": \"\\u041a\\u0430\\u0434\\u0440 \\u0438\\u0437 \\u0444\\u0438\\u043b\\u044c\\u043c\\u0430\", \"object\": \"interstellar4\"}}, {\"added\": {\"name\": \"\\u041a\\u0430\\u0434\\u0440 \\u0438\\u0437 \\u0444\\u0438\\u043b\\u044c\\u043c\\u0430\", \"object\": \"interstellar5\"}}]"}}, {"model": "admin.logentry", "pk": 19, "fields": {"action_time": "2021-07-11T21:21:26.541Z", "user": 1, "content_type": 11, "object_id": "1", "object_repr": "Король Лев", "action_flag": 2, "change_message": "[{\"changed\": {\"fields\": [\"\\u041f\\u043e\\u0441\\u0442\\u0435\\u0440\"]}}]"}}, {"model": "admin.logentry", "pk": 20, "fields": {"action_time": "2021-07-11T21:26:46.486Z", "user": 1, "content_type": 11, "object_id": "1", "object_repr": "Король Лев", "action_flag": 2, "change_message": "[{\"changed\": {\"fields\": [\"\\u041f\\u043e\\u0441\\u0442\\u0435\\u0440\"]}}]"}}, {"model": "admin.logentry", "pk": 21, "fields": {"action_time": "2021-07-11T21:37:21.457Z", "user": 1, "content_type": 8, "object_id": "8", "object_repr": "Хоакин Феникс", "action_flag": 1, "change_message": "[{\"added\": {}}]"}}, {"model": "admin.logentry", "pk": 22, "fields": {"action_time": "2021-07-11T21:38:59.032Z", "user": 1, "content_type": 8, "object_id": "9", "object_repr": "Роберт Де Ниро", "action_flag": 1, "change_message": "[{\"added\": {}}]"}}, {"model": "admin.logentry", "pk": 23, "fields": {"action_time": "2021-07-11T21:41:11.669Z", "user": 1, "content_type": 8, "object_id": "10", "object_repr": "Тодд Филлипс", "action_flag": 1, "change_message": "[{\"added\": {}}]"}}, {"model": "admin.logentry", "pk": 24, "fields": {"action_time": "2021-07-11T21:41:53.245Z", "user": 1, "content_type": 10, "object_id": "5", "object_repr": "Триллер", "action_flag": 1, "change_message": "[{\"added\": {}}]"}}, {"model": "admin.logentry", "pk": 25, "fields": {"action_time": "2021-07-11T21:42:17.794Z", "user": 1, "content_type": 11, "object_id": "3", "object_repr": "Джокер", "action_flag": 1, "change_message": "[{\"added\": {}}, {\"added\": {\"name\": \"\\u041a\\u0430\\u0434\\u0440 \\u0438\\u0437 \\u0444\\u0438\\u043b\\u044c\\u043c\\u0430\", \"object\": \"joker1\"}}, {\"added\": {\"name\": \"\\u041a\\u0430\\u0434\\u0440 \\u0438\\u0437 \\u0444\\u0438\\u043b\\u044c\\u043c\\u0430\", \"object\": \"joker2\"}}, {\"added\": {\"name\": \"\\u041a\\u0430\\u0434\\u0440 \\u0438\\u0437 \\u0444\\u0438\\u043b\\u044c\\u043c\\u0430\", \"object\": \"joker3\"}}, {\"added\": {\"name\": \"\\u041a\\u0430\\u0434\\u0440 \\u0438\\u0437 \\u0444\\u0438\\u043b\\u044c\\u043c\\u0430\", \"object\": \"joker4\"}}, {\"added\": {\"name\": \"\\u041a\\u0430\\u0434\\u0440 \\u0438\\u0437 \\u0444\\u0438\\u043b\\u044c\\u043c\\u0430\", \"object\": \"joker5\"}}]"}}, {"model": "admin.logentry", "pk": 26, "fields": {"action_time": "2021-07-11T21:52:00.531Z", "user": 1, "content_type": 11, "object_id": "3", "object_repr": "Джокер", "action_flag": 2, "change_message": "[{\"changed\": {\"fields\": [\"\\u041f\\u043e\\u0441\\u0442\\u0435\\u0440\"]}}]"}}, {"model": "admin.logentry", "pk": 27, "fields": {"action_time": "2021-07-11T22:04:53.759Z", "user": 1, "content_type": 12, "object_id": "1", "object_repr": "1", "action_flag": 1, "change_message": "[{\"added\": {}}]"}}, {"model": "admin.logentry", "pk": 28, "fields": {"action_time": "2021-07-11T22:06:34.651Z", "user": 1, "content_type": 12, "object_id": "2", "object_repr": "2", "action_flag": 1, "change_message": "[{\"added\": {}}]"}}, {"model": "admin.logentry", "pk": 29, "fields": {"action_time": "2021-07-11T22:06:44.850Z", "user": 1, "content_type": 12, "object_id": "3", "object_repr": "3", "action_flag": 1, "change_message": "[{\"added\": {}}]"}}, {"model": "admin.logentry", "pk": 30, "fields": {"action_time": "2021-07-11T22:06:50.838Z", "user": 1, "content_type": 12, "object_id": "4", "object_repr": "4", "action_flag": 1, "change_message": "[{\"added\": {}}]"}}, {"model": "admin.logentry", "pk": 31, "fields": {"action_time": "2021-07-11T22:06:59.649Z", "user": 1, "content_type": 12, "object_id": "5", "object_repr": "5", "action_flag": 1, "change_message": "[{\"added\": {}}]"}}, {"model": "admin.logentry", "pk": 32, "fields": {"action_time": "2021-07-11T22:29:17.943Z", "user": 1, "content_type": 8, "object_id": "11", "object_repr": "Фелисити Джонс", "action_flag": 1, "change_message": "[{\"added\": {}}]"}}, {"model": "admin.logentry", "pk": 33, "fields": {"action_time": "2021-07-11T22:30:59.281Z", "user": 1, "content_type": 8, "object_id": "12", "object_repr": "Гарет Эдвардс", "action_flag": 1, "change_message": "[{\"added\": {}}]"}}, {"model": "admin.logentry", "pk": 34, "fields": {"action_time": "2021-07-11T22:59:38.345Z", "user": 1, "content_type": 10, "object_id": "6", "object_repr": "Боевик", "action_flag": 1, "change_message": "[{\"added\": {}}]"}}, {"model": "admin.logentry", "pk": 35, "fields": {"action_time": "2021-07-11T23:02:32.513Z", "user": 1, "content_type": 11, "object_id": "4", "object_repr": "Изгой Один: Звёздные войны", "action_flag": 1, "change_message": "[{\"added\": {}}, {\"added\": {\"name\": \"\\u041a\\u0430\\u0434\\u0440 \\u0438\\u0437 \\u0444\\u0438\\u043b\\u044c\\u043c\\u0430\", \"object\": \"rogue_1\"}}, {\"added\": {\"name\": \"\\u041a\\u0430\\u0434\\u0440 \\u0438\\u0437 \\u0444\\u0438\\u043b\\u044c\\u043c\\u0430\", \"object\": \"rogue_2\"}}, {\"added\": {\"name\": \"\\u041a\\u0430\\u0434\\u0440 \\u0438\\u0437 \\u0444\\u0438\\u043b\\u044c\\u043c\\u0430\", \"object\": \"rogue_3\"}}, {\"added\": {\"name\": \"\\u041a\\u0430\\u0434\\u0440 \\u0438\\u0437 \\u0444\\u0438\\u043b\\u044c\\u043c\\u0430\", \"object\": \"rogue_4\"}}]"}}, {"model": "admin.logentry", "pk": 36, "fields": {"action_time": "2021-07-11T23:04:20.464Z", "user": 1, "content_type": 11, "object_id": "4", "object_repr": "Изгой Один: Звёздные войны", "action_flag": 2, "change_message": "[{\"changed\": {\"fields\": [\"\\u0420\\u0435\\u0436\\u0438\\u0441\\u0441\\u0435\\u0440\"]}}]"}}, {"model": "admin.logentry", "pk": 37, "fields": {"action_time": "2021-07-11T23:39:31.234Z", "user": 1, "content_type": 11, "object_id": "4", "object_repr": "Изгой Один: Звёздные войны", "action_flag": 2, "change_message": "[{\"changed\": {\"fields\": [\"\\u041e\\u043f\\u0438\\u0441\\u0430\\u043d\\u0438\\u0435\"]}}]"}}, {"model": "admin.logentry", "pk": 38, "fields": {"action_time": "2021-07-11T23:40:11.361Z", "user": 1, "content_type": 11, "object_id": "4", "object_repr": "Изгой Один: Звёздные войны", "action_flag": 2, "change_message": "[{\"changed\": {\"fields\": [\"\\u041e\\u043f\\u0438\\u0441\\u0430\\u043d\\u0438\\u0435\"]}}]"}}, {"model": "admin.logentry", "pk": 39, "fields": {"action_time": "2021-07-12T18:36:20.745Z", "user": 1, "content_type": 8, "object_id": "13", "object_repr": "Арнольд Шварценеггер", "action_flag": 1, "change_message": "[{\"added\": {}}]"}}, {"model": "admin.logentry", "pk": 40, "fields": {"action_time": "2021-07-12T18:38:26.570Z", "user": 1, "content_type": 8, "object_id": "14", "object_repr": "Линда Хэмилтон", "action_flag": 1, "change_message": "[{\"added\": {}}]"}}, {"model": "admin.logentry", "pk": 41, "fields": {"action_time": "2021-07-12T18:41:28.455Z", "user": 1, "content_type": 8, "object_id": "15", "object_repr": "Джеймс Кэмерон", "action_flag": 1, "change_message": "[{\"added\": {}}]"}}, {"model": "admin.logentry", "pk": 42, "fields": {"action_time": "2021-07-12T18:44:40.059Z", "user": 1, "content_type": 11, "object_id": "5", "object_repr": "Терминатор", "action_flag": 1, "change_message": "[{\"added\": {}}, {\"added\": {\"name\": \"\\u041a\\u0430\\u0434\\u0440 \\u0438\\u0437 \\u0444\\u0438\\u043b\\u044c\\u043c\\u0430\", \"object\": \"terminator_1\"}}, {\"added\": {\"name\": \"\\u041a\\u0430\\u0434\\u0440 \\u0438\\u0437 \\u0444\\u0438\\u043b\\u044c\\u043c\\u0430\", \"object\": \"terminator_2\"}}, {\"added\": {\"name\": \"\\u041a\\u0430\\u0434\\u0440 \\u0438\\u0437 \\u0444\\u0438\\u043b\\u044c\\u043c\\u0430\", \"object\": \"terminator_3\"}}, {\"added\": {\"name\": \"\\u041a\\u0430\\u0434\\u0440 \\u0438\\u0437 \\u0444\\u0438\\u043b\\u044c\\u043c\\u0430\", \"object\": \"terminator_4\"}}, {\"added\": {\"name\": \"\\u041a\\u0430\\u0434\\u0440 \\u0438\\u0437 \\u0444\\u0438\\u043b\\u044c\\u043c\\u0430\", \"object\": \"terminator_5\"}}]"}}, {"model": "admin.logentry", "pk": 43, "fields": {"action_time": "2021-07-12T18:48:44.210Z", "user": 1, "content_type": 11, "object_id": "5", "object_repr": "Терминатор", "action_flag": 2, "change_message": "[{\"changed\": {\"fields\": [\"\\u041f\\u043e\\u0441\\u0442\\u0435\\u0440\"]}}]"}}, {"model": "admin.logentry", "pk": 44, "fields": {"action_time": "2021-07-12T18:54:24.836Z", "user": 1, "content_type": 11, "object_id": "5", "object_repr": "Терминатор", "action_flag": 2, "change_message": "[{\"changed\": {\"fields\": [\"\\u041f\\u043e\\u0441\\u0442\\u0435\\u0440\"]}}]"}}, {"model": "admin.logentry", "pk": 45, "fields": {"action_time": "2021-07-12T18:56:32.260Z", "user": 1, "content_type": 11, "object_id": "5", "object_repr": "Терминатор", "action_flag": 2, "change_message": "[{\"changed\": {\"fields\": [\"\\u041f\\u043e\\u0441\\u0442\\u0435\\u0440\"]}}]"}}, {"model": "admin.logentry", "pk": 46, "fields": {"action_time": "2021-07-12T19:00:53.240Z", "user": 1, "content_type": 11, "object_id": "5", "object_repr": "Терминатор", "action_flag": 2, "change_message": "[{\"changed\": {\"fields\": [\"\\u041f\\u043e\\u0441\\u0442\\u0435\\u0440\"]}}]"}}, {"model": "admin.logentry", "pk": 47, "fields": {"action_time": "2021-07-12T19:03:04.535Z", "user": 1, "content_type": 11, "object_id": "5", "object_repr": "Терминатор", "action_flag": 2, "change_message": "[{\"changed\": {\"fields\": [\"\\u041f\\u043e\\u0441\\u0442\\u0435\\u0440\"]}}]"}}, {"model": "admin.logentry", "pk": 48, "fields": {"action_time": "2021-07-12T19:22:00.520Z", "user": 1, "content_type": 8, "object_id": "16", "object_repr": "Мортен Тильдум", "action_flag": 1, "change_message": "[{\"added\": {}}]"}}, {"model": "admin.logentry", "pk": 49, "fields": {"action_time": "2021-07-12T19:45:38.375Z", "user": 1, "content_type": 8, "object_id": "17", "object_repr": "Дженнифер Лоуренс", "action_flag": 1, "change_message": "[{\"added\": {}}]"}}, {"model": "admin.logentry", "pk": 50, "fields": {"action_time": "2021-07-12T19:52:22.932Z", "user": 1, "content_type": 8, "object_id": "18", "object_repr": "Крис Пратт", "action_flag": 1, "change_message": "[{\"added\": {}}]"}}, {"model": "admin.logentry", "pk": 51, "fields": {"action_time": "2021-07-12T19:54:56.799Z", "user": 1, "content_type": 8, "object_id": "19", "object_repr": "Майкл Шин", "action_flag": 1, "change_message": "[{\"added\": {}}]"}}, {"model": "admin.logentry", "pk": 52, "fields": {"action_time": "2021-07-12T19:56:33.835Z", "user": 1, "content_type": 10, "object_id": "7", "object_repr": "Мелодрама", "action_flag": 1, "change_message": "[{\"added\": {}}]"}}, {"model": "admin.logentry", "pk": 53, "fields": {"action_time": "2021-07-12T19:56:47.280Z", "user": 1, "content_type": 11, "object_id": "6", "object_repr": "Пассажиры", "action_flag": 1, "change_message": "[{\"added\": {}}, {\"added\": {\"name\": \"\\u041a\\u0430\\u0434\\u0440 \\u0438\\u0437 \\u0444\\u0438\\u043b\\u044c\\u043c\\u0430\", \"object\": \"passengers-1\"}}, {\"added\": {\"name\": \"\\u041a\\u0430\\u0434\\u0440 \\u0438\\u0437 \\u0444\\u0438\\u043b\\u044c\\u043c\\u0430\", \"object\": \"passengers-2\"}}, {\"added\": {\"name\": \"\\u041a\\u0430\\u0434\\u0440 \\u0438\\u0437 \\u0444\\u0438\\u043b\\u044c\\u043c\\u0430\", \"object\": \"passengers-3\"}}, {\"added\": {\"name\": \"\\u041a\\u0430\\u0434\\u0440 \\u0438\\u0437 \\u0444\\u0438\\u043b\\u044c\\u043c\\u0430\", \"object\": \"passengers-4\"}}, {\"added\": {\"name\": \"\\u041a\\u0430\\u0434\\u0440 \\u0438\\u0437 \\u0444\\u0438\\u043b\\u044c\\u043c\\u0430\", \"object\": \"passengers-5\"}}, {\"added\": {\"name\": \"\\u041a\\u0430\\u0434\\u0440 \\u0438\\u0437 \\u0444\\u0438\\u043b\\u044c\\u043c\\u0430\", \"object\": \"passengers-5\"}}]"}}, {"model": "admin.logentry", "pk": 54, "fields": {"action_time": "2021-07-12T20:08:00.941Z", "user": 1, "content_type": 11, "object_id": "6", "object_repr": "Пассажиры", "action_flag": 2, "change_message": "[{\"changed\": {\"fields\": [\"\\u041f\\u043e\\u0441\\u0442\\u0435\\u0440\"]}}]"}}, {"model": "admin.logentry", "pk": 55, "fields": {"action_time": "2021-07-12T20:35:21.158Z", "user": 1, "content_type": 8, "object_id": "20", "object_repr": "Дэвид Швиммер", "action_flag": 1, "change_message": "[{\"added\": {}}]"}}, {"model": "admin.logentry", "pk": 56, "fields": {"action_time": "2021-07-12T20:38:36.816Z", "user": 1, "content_type": 8, "object_id": "21", "object_repr": "Дженнифер Энистон", "action_flag": 1, "change_message": "[{\"added\": {}}]"}}, {"model": "admin.logentry", "pk": 57, "fields": {"action_time": "2021-07-12T20:46:29.446Z", "user": 1, "content_type": 10, "object_id": "8", "object_repr": "Комедия", "action_flag": 1, "change_message": "[{\"added\": {}}]"}}, {"model": "admin.logentry", "pk": 58, "fields": {"action_time": "2021-07-12T20:47:33.503Z", "user": 1, "content_type": 8, "object_id": "22", "object_repr": "Кортни Кокс", "action_flag": 1, "change_message": "[{\"added\": {}}]"}}, {"model": "admin.logentry", "pk": 59, "fields": {"action_time": "2021-07-12T20:48:39.034Z", "user": 1, "content_type": 8, "object_id": "23", "object_repr": "Мэттью Перри", "action_flag": 1, "change_message": "[{\"added\": {}}]"}}, {"model": "admin.logentry", "pk": 60, "fields": {"action_time": "2021-07-12T20:49:28.470Z", "user": 1, "content_type": 8, "object_id": "24", "object_repr": "Майкл Лембек", "action_flag": 1, "change_message": "[{\"added\": {}}]"}}, {"model": "admin.logentry", "pk": 61, "fields": {"action_time": "2021-07-12T20:51:52.822Z", "user": 1, "content_type": 11, "object_id": "7", "object_repr": "Друзья", "action_flag": 1, "change_message": "[{\"added\": {}}, {\"added\": {\"name\": \"\\u041a\\u0430\\u0434\\u0440 \\u0438\\u0437 \\u0444\\u0438\\u043b\\u044c\\u043c\\u0430\", \"object\": \"friends_1\"}}, {\"added\": {\"name\": \"\\u041a\\u0430\\u0434\\u0440 \\u0438\\u0437 \\u0444\\u0438\\u043b\\u044c\\u043c\\u0430\", \"object\": \"friends_2\"}}, {\"added\": {\"name\": \"\\u041a\\u0430\\u0434\\u0440 \\u0438\\u0437 \\u0444\\u0438\\u043b\\u044c\\u043c\\u0430\", \"object\": \"friends_3\"}}, {\"added\": {\"name\": \"\\u041a\\u0430\\u0434\\u0440 \\u0438\\u0437 \\u0444\\u0438\\u043b\\u044c\\u043c\\u0430\", \"object\": \"friends_4\"}}, {\"added\": {\"name\": \"\\u041a\\u0430\\u0434\\u0440 \\u0438\\u0437 \\u0444\\u0438\\u043b\\u044c\\u043c\\u0430\", \"object\": \"friends_5\"}}, {\"added\": {\"name\": \"\\u041a\\u0430\\u0434\\u0440 \\u0438\\u0437 \\u0444\\u0438\\u043b\\u044c\\u043c\\u0430\", \"object\": \"friends_6\"}}]"}}, {"model": "admin.logentry", "pk": 62, "fields": {"action_time": "2021-07-12T20:53:58.889Z", "user": 1, "content_type": 10, "object_id": "4", "object_repr": "Приключения", "action_flag": 2, "change_message": "[{\"changed\": {\"fields\": [\"\\u0418\\u043c\\u044f\"]}}]"}}, {"model": "admin.logentry", "pk": 63, "fields": {"action_time": "2021-07-12T21:03:21.615Z", "user": 1, "content_type": 8, "object_id": "25", "object_repr": "Крис Бак", "action_flag": 1, "change_message": "[{\"added\": {}}]"}}, {"model": "admin.logentry", "pk": 64, "fields": {"action_time": "2021-07-12T21:06:17.728Z", "user": 1, "content_type": 8, "object_id": "26", "object_repr": "Кристен Белл", "action_flag": 1, "change_message": "[{\"added\": {}}]"}}, {"model": "admin.logentry", "pk": 65, "fields": {"action_time": "2021-07-12T21:08:57.460Z", "user": 1, "content_type": 11, "object_id": "8", "object_repr": "Холодное сердце", "action_flag": 1, "change_message": "[{\"added\": {}}, {\"added\": {\"name\": \"\\u041a\\u0430\\u0434\\u0440 \\u0438\\u0437 \\u0444\\u0438\\u043b\\u044c\\u043c\\u0430\", \"object\": \"frozen_1\"}}, {\"added\": {\"name\": \"\\u041a\\u0430\\u0434\\u0440 \\u0438\\u0437 \\u0444\\u0438\\u043b\\u044c\\u043c\\u0430\", \"object\": \"frozen_2\"}}, {\"added\": {\"name\": \"\\u041a\\u0430\\u0434\\u0440 \\u0438\\u0437 \\u0444\\u0438\\u043b\\u044c\\u043c\\u0430\", \"object\": \"frozen_3\"}}, {\"added\": {\"name\": \"\\u041a\\u0430\\u0434\\u0440 \\u0438\\u0437 \\u0444\\u0438\\u043b\\u044c\\u043c\\u0430\", \"object\": \"frozen_4\"}}]"}}, {"model": "admin.logentry", "pk": 66, "fields": {"action_time": "2021-07-12T21:30:32.995Z", "user": 1, "content_type": 8, "object_id": "27", "object_repr": "Гэрри Маршалл", "action_flag": 1, "change_message": "[{\"added\": {}}]"}}, {"model": "admin.logentry", "pk": 67, "fields": {"action_time": "2021-07-12T21:32:29.380Z", "user": 1, "content_type": 8, "object_id": "28", "object_repr": "Ричард Гир", "action_flag": 1, "change_message": "[{\"added\": {}}]"}}, {"model": "admin.logentry", "pk": 68, "fields": {"action_time": "2021-07-12T21:34:56.953Z", "user": 1, "content_type": 8, "object_id": "29", "object_repr": "Джулия Робертс", "action_flag": 1, "change_message": "[{\"added\": {}}]"}}, {"model": "admin.logentry", "pk": 69, "fields": {"action_time": "2021-07-12T21:37:06.228Z", "user": 1, "content_type": 11, "object_id": "9", "object_repr": "Красотка", "action_flag": 1, "change_message": "[{\"added\": {}}, {\"added\": {\"name\": \"\\u041a\\u0430\\u0434\\u0440 \\u0438\\u0437 \\u0444\\u0438\\u043b\\u044c\\u043c\\u0430\", \"object\": \"pretty_woman_1\"}}, {\"added\": {\"name\": \"\\u041a\\u0430\\u0434\\u0440 \\u0438\\u0437 \\u0444\\u0438\\u043b\\u044c\\u043c\\u0430\", \"object\": \"pretty_woman_2\"}}, {\"added\": {\"name\": \"\\u041a\\u0430\\u0434\\u0440 \\u0438\\u0437 \\u0444\\u0438\\u043b\\u044c\\u043c\\u0430\", \"object\": \"pretty_woman_3\"}}, {\"added\": {\"name\": \"\\u041a\\u0430\\u0434\\u0440 \\u0438\\u0437 \\u0444\\u0438\\u043b\\u044c\\u043c\\u0430\", \"object\": \"pretty_woman_4\"}}, {\"added\": {\"name\": \"\\u041a\\u0430\\u0434\\u0440 \\u0438\\u0437 \\u0444\\u0438\\u043b\\u044c\\u043c\\u0430\", \"object\": \"pretty_woman_5\"}}]"}}, {"model": "admin.logentry", "pk": 70, "fields": {"action_time": "2021-07-12T21:39:37.910Z", "user": 1, "content_type": 11, "object_id": "9", "object_repr": "Красотка", "action_flag": 2, "change_message": "[{\"changed\": {\"fields\": [\"\\u041f\\u043e\\u0441\\u0442\\u0435\\u0440\"]}}]"}}, {"model": "admin.logentry", "pk": 71, "fields": {"action_time": "2021-07-12T21:54:07.431Z", "user": 1, "content_type": 11, "object_id": "9", "object_repr": "Красотка", "action_flag": 2, "change_message": "[{\"changed\": {\"fields\": [\"\\u041f\\u043e\\u0441\\u0442\\u0435\\u0440\"]}}]"}}, {"model": "admin.logentry", "pk": 72, "fields": {"action_time": "2021-07-12T21:58:45.254Z", "user": 1, "content_type": 11, "object_id": "8", "object_repr": "Холодное сердце", "action_flag": 2, "change_message": "[{\"changed\": {\"fields\": [\"\\u041f\\u043e\\u0441\\u0442\\u0435\\u0440\"]}}]"}}, {"model": "admin.logentry", "pk": 73, "fields": {"action_time": "2021-07-12T22:19:55.785Z", "user": 1, "content_type": 11, "object_id": "8", "object_repr": "Холодное сердце", "action_flag": 2, "change_message": "[{\"changed\": {\"fields\": [\"\\u041f\\u043e\\u0441\\u0442\\u0435\\u0440\"]}}]"}}, {"model": "admin.logentry", "pk": 74, "fields": {"action_time": "2021-07-12T22:35:55.324Z", "user": 1, "content_type": 11, "object_id": "7", "object_repr": "Друзья", "action_flag": 2, "change_message": "[{\"changed\": {\"fields\": [\"\\u041f\\u043e\\u0441\\u0442\\u0435\\u0440\"]}}]"}}, {"model": "admin.logentry", "pk": 75, "fields": {"action_time": "2021-07-12T22:49:29.137Z", "user": 1, "content_type": 8, "object_id": "30", "object_repr": "Том МакГрат", "action_flag": 1, "change_message": "[{\"added\": {}}]"}}, {"model": "admin.logentry", "pk": 76, "fields": {"action_time": "2021-07-12T22:52:28.699Z", "user": 1, "content_type": 8, "object_id": "31", "object_repr": "Алек Болдуин", "action_flag": 1, "change_message": "[{\"added\": {}}]"}}, {"model": "admin.logentry", "pk": 77, "fields": {"action_time": "2021-07-12T22:54:07.629Z", "user": 1, "content_type": 11, "object_id": "10", "object_repr": "Босс-молокосос 2", "action_flag": 1, "change_message": "[{\"added\": {}}, {\"added\": {\"name\": \"\\u041a\\u0430\\u0434\\u0440 \\u0438\\u0437 \\u0444\\u0438\\u043b\\u044c\\u043c\\u0430\", \"object\": \"bb-2-1\"}}, {\"added\": {\"name\": \"\\u041a\\u0430\\u0434\\u0440 \\u0438\\u0437 \\u0444\\u0438\\u043b\\u044c\\u043c\\u0430\", \"object\": \"bb-2-1\"}}, {\"added\": {\"name\": \"\\u041a\\u0430\\u0434\\u0440 \\u0438\\u0437 \\u0444\\u0438\\u043b\\u044c\\u043c\\u0430\", \"object\": \"bb-2-1\"}}]"}}, {"model": "admin.logentry", "pk": 78, "fields": {"action_time": "2021-07-12T22:55:23.026Z", "user": 1, "content_type": 11, "object_id": "10", "object_repr": "Босс-молокосос 2", "action_flag": 2, "change_message": "[{\"changed\": {\"fields\": [\"\\u0421\\u043b\\u043e\\u0433\\u0430\\u043d\"]}}]"}}, {"model": "admin.logentry", "pk": 79, "fields": {"action_time": "2021-07-12T23:03:55.443Z", "user": 1, "content_type": 10, "object_id": "9", "object_repr": "Детектив", "action_flag": 1, "change_message": "[{\"added\": {}}]"}}, {"model": "admin.logentry", "pk": 80, "fields": {"action_time": "2021-07-12T23:05:13.969Z", "user": 1, "content_type": 8, "object_id": "32", "object_repr": "Шэрон Стоун", "action_flag": 1, "change_message": "[{\"added\": {}}]"}}, {"model": "admin.logentry", "pk": 81, "fields": {"action_time": "2021-07-12T23:07:33.834Z", "user": 1, "content_type": 8, "object_id": "33", "object_repr": "Майкл Дуглас", "action_flag": 1, "change_message": "[{\"added\": {}}]"}}, {"model": "admin.logentry", "pk": 82, "fields": {"action_time": "2021-07-12T23:10:13.258Z", "user": 1, "content_type": 8, "object_id": "34", "object_repr": "Пол Верховен", "action_flag": 1, "change_message": "[{\"added\": {}}]"}}, {"model": "admin.logentry", "pk": 83, "fields": {"action_time": "2021-07-12T23:12:52.174Z", "user": 1, "content_type": 11, "object_id": "11", "object_repr": "Основной инстинкт", "action_flag": 1, "change_message": "[{\"added\": {}}, {\"added\": {\"name\": \"\\u041a\\u0430\\u0434\\u0440 \\u0438\\u0437 \\u0444\\u0438\\u043b\\u044c\\u043c\\u0430\", \"object\": \"basic-instinct_1\"}}, {\"added\": {\"name\": \"\\u041a\\u0430\\u0434\\u0440 \\u0438\\u0437 \\u0444\\u0438\\u043b\\u044c\\u043c\\u0430\", \"object\": \"basic-instinct_2\"}}, {\"added\": {\"name\": \"\\u041a\\u0430\\u0434\\u0440 \\u0438\\u0437 \\u0444\\u0438\\u043b\\u044c\\u043c\\u0430\", \"object\": \"basic-instinct_3\"}}, {\"added\": {\"name\": \"\\u041a\\u0430\\u0434\\u0440 \\u0438\\u0437 \\u0444\\u0438\\u043b\\u044c\\u043c\\u0430\", \"object\": \"basic-instinct_4\"}}, {\"added\": {\"name\": \"\\u041a\\u0430\\u0434\\u0440 \\u0438\\u0437 \\u0444\\u0438\\u043b\\u044c\\u043c\\u0430\", \"object\": \"basic-instinct_5\"}}]"}}, {"model": "admin.logentry", "pk": 84, "fields": {"action_time": "2021-07-12T23:24:08.493Z", "user": 1, "content_type": 11, "object_id": "11", "object_repr": "Основной инстинкт", "action_flag": 2, "change_message": "[{\"changed\": {\"fields\": [\"\\u041f\\u043e\\u0441\\u0442\\u0435\\u0440\"]}}]"}}, {"model": "admin.logentry", "pk": 85, "fields": {"action_time": "2021-07-12T23:26:23.479Z", "user": 1, "content_type": 11, "object_id": "10", "object_repr": "Босс-молокосос 2", "action_flag": 2, "change_message": "[{\"changed\": {\"fields\": [\"\\u041f\\u043e\\u0441\\u0442\\u0435\\u0440\"]}}]"}}, {"model": "admin.logentry", "pk": 86, "fields": {"action_time": "2021-07-12T23:29:40.830Z", "user": 1, "content_type": 11, "object_id": "10", "object_repr": "Босс-молокосос 2", "action_flag": 2, "change_message": "[{\"changed\": {\"fields\": [\"\\u041f\\u043e\\u0441\\u0442\\u0435\\u0440\"]}}]"}}, {"model": "admin.logentry", "pk": 87, "fields": {"action_time": "2021-07-13T17:32:56.453Z", "user": 1, "content_type": 8, "object_id": "35", "object_repr": "Лана Вачовски", "action_flag": 1, "change_message": "[{\"added\": {}}]"}}, {"model": "admin.logentry", "pk": 88, "fields": {"action_time": "2021-07-13T17:35:17.993Z", "user": 1, "content_type": 8, "object_id": "36", "object_repr": "Лилли Вачовски", "action_flag": 1, "change_message": "[{\"added\": {}}]"}}, {"model": "admin.logentry", "pk": 89, "fields": {"action_time": "2021-07-13T17:37:21.327Z", "user": 1, "content_type": 8, "object_id": "37", "object_repr": "Киану Ривз", "action_flag": 1, "change_message": "[{\"added\": {}}]"}}, {"model": "admin.logentry", "pk": 90, "fields": {"action_time": "2021-07-13T17:40:10.932Z", "user": 1, "content_type": 8, "object_id": "38", "object_repr": "Лоренс Фишбёрн", "action_flag": 1, "change_message": "[{\"added\": {}}]"}}, {"model": "admin.logentry", "pk": 91, "fields": {"action_time": "2021-07-13T17:46:10.127Z", "user": 1, "content_type": 8, "object_id": "39", "object_repr": "Кэрри-Энн Мосс", "action_flag": 1, "change_message": "[{\"added\": {}}]"}}, {"model": "admin.logentry", "pk": 92, "fields": {"action_time": "2021-07-13T17:47:36.252Z", "user": 1, "content_type": 8, "object_id": "40", "object_repr": "Хьюго Уивинг", "action_flag": 1, "change_message": "[{\"added\": {}}]"}}, {"model": "admin.logentry", "pk": 93, "fields": {"action_time": "2021-07-13T17:47:57.680Z", "user": 1, "content_type": 11, "object_id": "12", "object_repr": "Матрица", "action_flag": 1, "change_message": "[{\"added\": {}}, {\"added\": {\"name\": \"\\u041a\\u0430\\u0434\\u0440 \\u0438\\u0437 \\u0444\\u0438\\u043b\\u044c\\u043c\\u0430\", \"object\": \"matrix_1\"}}, {\"added\": {\"name\": \"\\u041a\\u0430\\u0434\\u0440 \\u0438\\u0437 \\u0444\\u0438\\u043b\\u044c\\u043c\\u0430\", \"object\": \"matrix_2\"}}, {\"added\": {\"name\": \"\\u041a\\u0430\\u0434\\u0440 \\u0438\\u0437 \\u0444\\u0438\\u043b\\u044c\\u043c\\u0430\", \"object\": \"matrix_3\"}}, {\"added\": {\"name\": \"\\u041a\\u0430\\u0434\\u0440 \\u0438\\u0437 \\u0444\\u0438\\u043b\\u044c\\u043c\\u0430\", \"object\": \"matrix_4\"}}, {\"added\": {\"name\": \"\\u041a\\u0430\\u0434\\u0440 \\u0438\\u0437 \\u0444\\u0438\\u043b\\u044c\\u043c\\u0430\", \"object\": \"matrix_5\"}}, {\"added\": {\"name\": \"\\u041a\\u0430\\u0434\\u0440 \\u0438\\u0437 \\u0444\\u0438\\u043b\\u044c\\u043c\\u0430\", \"object\": \"matrix_6\"}}]"}}, {"model": "admin.logentry", "pk": 94, "fields": {"action_time": "2021-07-13T18:06:55.705Z", "user": 1, "content_type": 11, "object_id": "12", "object_repr": "Матрица", "action_flag": 2, "change_message": "[{\"changed\": {\"fields\": [\"\\u041f\\u043e\\u0441\\u0442\\u0435\\u0440\"]}}]"}}, {"model": "admin.logentry", "pk": 95, "fields": {"action_time": "2021-07-13T18:32:11.663Z", "user": 1, "content_type": 8, "object_id": "41", "object_repr": "Эдриан Лайн", "action_flag": 1, "change_message": "[{\"added\": {}}]"}}, {"model": "admin.logentry", "pk": 96, "fields": {"action_time": "2021-07-13T18:36:57.076Z", "user": 1, "content_type": 8, "object_id": "42", "object_repr": "Микки Рурк", "action_flag": 1, "change_message": "[{\"added\": {}}]"}}, {"model": "admin.logentry", "pk": 97, "fields": {"action_time": "2021-07-13T18:40:59.962Z", "user": 1, "content_type": 8, "object_id": "43", "object_repr": "Ким Бейсингер", "action_flag": 1, "change_message": "[{\"added\": {}}]"}}, {"model": "admin.logentry", "pk": 98, "fields": {"action_time": "2021-07-13T18:43:55.430Z", "user": 1, "content_type": 11, "object_id": "13", "object_repr": "9 1/2 недель", "action_flag": 1, "change_message": "[{\"added\": {}}, {\"added\": {\"name\": \"\\u041a\\u0430\\u0434\\u0440 \\u0438\\u0437 \\u0444\\u0438\\u043b\\u044c\\u043c\\u0430\", \"object\": \"9weeks_1\"}}, {\"added\": {\"name\": \"\\u041a\\u0430\\u0434\\u0440 \\u0438\\u0437 \\u0444\\u0438\\u043b\\u044c\\u043c\\u0430\", \"object\": \"9weeks_2\"}}, {\"added\": {\"name\": \"\\u041a\\u0430\\u0434\\u0440 \\u0438\\u0437 \\u0444\\u0438\\u043b\\u044c\\u043c\\u0430\", \"object\": \"9weeks_3\"}}, {\"added\": {\"name\": \"\\u041a\\u0430\\u0434\\u0440 \\u0438\\u0437 \\u0444\\u0438\\u043b\\u044c\\u043c\\u0430\", \"object\": \"9weeks_4\"}}, {\"added\": {\"name\": \"\\u041a\\u0430\\u0434\\u0440 \\u0438\\u0437 \\u0444\\u0438\\u043b\\u044c\\u043c\\u0430\", \"object\": \"9weeks_5\"}}]"}}, {"model": "admin.logentry", "pk": 99, "fields": {"action_time": "2021-07-13T18:57:26.040Z", "user": 1, "content_type": 8, "object_id": "44", "object_repr": "Джордж Лукас", "action_flag": 1, "change_message": "[{\"added\": {}}]"}}, {"model": "admin.logentry", "pk": 100, "fields": {"action_time": "2021-07-13T18:59:50.161Z", "user": 1, "content_type": 8, "object_id": "45", "object_repr": "Марк Хэмилл", "action_flag": 1, "change_message": "[{\"added\": {}}]"}}, {"model": "admin.logentry", "pk": 101, "fields": {"action_time": "2021-07-13T19:01:06.277Z", "user": 1, "content_type": 8, "object_id": "46", "object_repr": "Харрисон Форд", "action_flag": 1, "change_message": "[{\"added\": {}}]"}}, {"model": "admin.logentry", "pk": 102, "fields": {"action_time": "2021-07-13T19:06:00.437Z", "user": 1, "content_type": 8, "object_id": "47", "object_repr": "Кэрри Фишер", "action_flag": 1, "change_message": "[{\"added\": {}}]"}}, {"model": "admin.logentry", "pk": 103, "fields": {"action_time": "2021-07-13T19:07:33.926Z", "user": 1, "content_type": 11, "object_id": "14", "object_repr": "Звездные войны IV", "action_flag": 1, "change_message": "[{\"added\": {}}, {\"added\": {\"name\": \"\\u041a\\u0430\\u0434\\u0440 \\u0438\\u0437 \\u0444\\u0438\\u043b\\u044c\\u043c\\u0430\", \"object\": \"star-war-IV_1\"}}, {\"added\": {\"name\": \"\\u041a\\u0430\\u0434\\u0440 \\u0438\\u0437 \\u0444\\u0438\\u043b\\u044c\\u043c\\u0430\", \"object\": \"star-war-IV_2\"}}, {\"added\": {\"name\": \"\\u041a\\u0430\\u0434\\u0440 \\u0438\\u0437 \\u0444\\u0438\\u043b\\u044c\\u043c\\u0430\", \"object\": \"star-war-IV_3\"}}, {\"added\": {\"name\": \"\\u041a\\u0430\\u0434\\u0440 \\u0438\\u0437 \\u0444\\u0438\\u043b\\u044c\\u043c\\u0430\", \"object\": \"star-war-IV_4\"}}, {\"added\": {\"name\": \"\\u041a\\u0430\\u0434\\u0440 \\u0438\\u0437 \\u0444\\u0438\\u043b\\u044c\\u043c\\u0430\", \"object\": \"star-war-IV_5\"}}, {\"added\": {\"name\": \"\\u041a\\u0430\\u0434\\u0440 \\u0438\\u0437 \\u0444\\u0438\\u043b\\u044c\\u043c\\u0430\", \"object\": \"star-war-IV_6\"}}, {\"added\": {\"name\": \"\\u041a\\u0430\\u0434\\u0440 \\u0438\\u0437 \\u0444\\u0438\\u043b\\u044c\\u043c\\u0430\", \"object\": \"star-war-IV_7\"}}]"}}, {"model": "admin.logentry", "pk": 104, "fields": {"action_time": "2021-07-13T19:32:15.842Z", "user": 1, "content_type": 11, "object_id": "15", "object_repr": "Терминатор 2: Судный день", "action_flag": 1, "change_message": "[{\"added\": {}}, {\"added\": {\"name\": \"\\u041a\\u0430\\u0434\\u0440 \\u0438\\u0437 \\u0444\\u0438\\u043b\\u044c\\u043c\\u0430\", \"object\": \"terminator-2_1\"}}, {\"added\": {\"name\": \"\\u041a\\u0430\\u0434\\u0440 \\u0438\\u0437 \\u0444\\u0438\\u043b\\u044c\\u043c\\u0430\", \"object\": \"terminator-2_2\"}}, {\"added\": {\"name\": \"\\u041a\\u0430\\u0434\\u0440 \\u0438\\u0437 \\u0444\\u0438\\u043b\\u044c\\u043c\\u0430\", \"object\": \"terminator-2_3\"}}, {\"added\": {\"name\": \"\\u041a\\u0430\\u0434\\u0440 \\u0438\\u0437 \\u0444\\u0438\\u043b\\u044c\\u043c\\u0430\", \"object\": \"terminator-2_4\"}}, {\"added\": {\"name\": \"\\u041a\\u0430\\u0434\\u0440 \\u0438\\u0437 \\u0444\\u0438\\u043b\\u044c\\u043c\\u0430\", \"object\": \"terminator-2_5\"}}]"}}, {"model": "admin.logentry", "pk": 105, "fields": {"action_time": "2021-07-13T19:34:31.522Z", "user": 1, "content_type": 11, "object_id": "14", "object_repr": "Звездные войны IV", "action_flag": 2, "change_message": "[{\"changed\": {\"fields\": [\"\\u041f\\u043e\\u0441\\u0442\\u0435\\u0440\"]}}]"}}, {"model": "admin.logentry", "pk": 106, "fields": {"action_time": "2021-07-13T21:48:41.316Z", "user": 1, "content_type": 9, "object_id": "2", "object_repr": "СЕРИАЛ", "action_flag": 2, "change_message": "[{\"changed\": {\"fields\": [\"\\u041a\\u0430\\u0442\\u0435\\u0433\\u043e\\u0440\\u0438\\u044f\"]}}]"}}, {"model": "admin.logentry", "pk": 107, "fields": {"action_time": "2021-07-13T21:49:05.931Z", "user": 1, "content_type": 9, "object_id": "1", "object_repr": "МУЛЬТФИЛЬМ", "action_flag": 2, "change_message": "[{\"changed\": {\"fields\": [\"\\u041a\\u0430\\u0442\\u0435\\u0433\\u043e\\u0440\\u0438\\u044f\"]}}]"}}, {"model": "admin.logentry", "pk": 108, "fields": {"action_time": "2021-07-14T16:03:56.984Z", "user": 1, "content_type": 11, "object_id": "1", "object_repr": "Король Лев", "action_flag": 2, "change_message": "[{\"changed\": {\"fields\": [\"\\u041f\\u043e\\u0441\\u0442\\u0435\\u0440\"]}}]"}}, {"model": "admin.logentry", "pk": 109, "fields": {"action_time": "2021-07-14T16:04:30.627Z", "user": 1, "content_type": 11, "object_id": "2", "object_repr": "Интерстеллар", "action_flag": 2, "change_message": "[{\"changed\": {\"fields\": [\"\\u041f\\u043e\\u0441\\u0442\\u0435\\u0440\"]}}]"}}, {"model": "admin.logentry", "pk": 110, "fields": {"action_time": "2021-07-14T16:05:19.582Z", "user": 1, "content_type": 11, "object_id": "3", "object_repr": "Джокер", "action_flag": 2, "change_message": "[{\"changed\": {\"fields\": [\"\\u041f\\u043e\\u0441\\u0442\\u0435\\u0440\"]}}]"}}, {"model": "admin.logentry", "pk": 111, "fields": {"action_time": "2021-07-14T19:03:58.285Z", "user": 1, "content_type": 11, "object_id": "1", "object_repr": "Король Лев", "action_flag": 2, "change_message": "[{\"changed\": {\"fields\": [\"\\u041e\\u043f\\u0438\\u0441\\u0430\\u043d\\u0438\\u0435\"]}}]"}}, {"model": "admin.logentry", "pk": 112, "fields": {"action_time": "2021-07-14T19:29:57.630Z", "user": 1, "content_type": 11, "object_id": "1", "object_repr": "Король Лев", "action_flag": 2, "change_message": "[{\"changed\": {\"fields\": [\"\\u041e\\u043f\\u0438\\u0441\\u0430\\u043d\\u0438\\u0435\"]}}]"}}, {"model": "admin.logentry", "pk": 113, "fields": {"action_time": "2021-07-14T19:37:24.340Z", "user": 1, "content_type": 11, "object_id": "2", "object_repr": "Интерстеллар", "action_flag": 2, "change_message": "[{\"changed\": {\"fields\": [\"\\u041e\\u043f\\u0438\\u0441\\u0430\\u043d\\u0438\\u0435\"]}}]"}}, {"model": "admin.logentry", "pk": 114, "fields": {"action_time": "2021-07-23T23:04:10.048Z", "user": 1, "content_type": 8, "object_id": "17", "object_repr": "Дженнифер Лоуренс", "action_flag": 2, "change_message": "[{\"changed\": {\"fields\": [\"\\u0418\\u0437\\u043e\\u0431\\u0440\\u0430\\u0436\\u0435\\u043d\\u0438\\u0435\"]}}]"}}, {"model": "sessions.session", "pk": "2szyz2dyt9iwc3mahjeets9xsbnaqagb", "fields": {"session_data": "e30:1m0WvF:KrgIcLF8CKkEYtzNxtcGtCpFI_PMlfvYJBBMNJWtt-8", "expire_date": "2021-07-19T22:18:37.743Z"}}, {"model": "sessions.session", "pk": "5b3zvc0wnvjo8k9do02ih0e8xkbyc4hy", "fields": {"session_data": ".eJxVjE0OwiAYBe_C2hChQMGle89Avj9s1ZSktCvj3Q1JF7p9M_PeKsO-TXlvsuaZ1UUZdfrdEOgpSwf8gOVeNdVlW2fUXdEHbfpWWV7Xw_07mKBNvY62ICYCm0AGsjG6MjojrqBB8iLCnsPIdkznBMglEFlvjcGCwxCi-nwBFd449w:1mCliy:prti7TmQJQt7e4ynU54tzisBd1Y2KrP1AZSxYhP0LDI", "expire_date": "2021-08-22T16:32:32.956Z"}}, {"model": "sessions.session", "pk": "f8xuzedtbxy5vscoq1o7kszryypchd9u", "fields": {"session_data": ".eJxVjE0OwiAYBe_C2hChQMGle89Avj9s1ZSktCvj3Q1JF7p9M_PeKsO-TXlvsuaZ1UUZdfrdEOgpSwf8gOVeNdVlW2fUXdEHbfpWWV7Xw_07mKBNvY62ICYCm0AGsjG6MjojrqBB8iLCnsPIdkznBMglEFlvjcGCwxCi-nwBFd449w:1m3k8t:6uBpq6HvKY6Jg7p80kV1JigX7k3gCKHphgUU3v-R-Lc", "expire_date": "2021-07-28T19:01:59.297Z"}}, {"model": "movies.category", "pk": 1, "fields": {"name": "МУЛЬТФИЛЬМ", "description": "МУЛЬТФИЛЬМЫ", "url": "cartoons"}}, {"model": "movies.category", "pk": 2, "fields": {"name": "СЕРИАЛ", "description": "СЕРИАЛЫ", "url": "serials"}}, {"model": "movies.category", "pk": 3, "fields": {"name": "ПОЛНОМЕТРАЖНЫЙ", "description": "", "url": "full-length"}}, {"model": "movies.actor", "pk": 1, "fields": {"name": "Роджер Аллерс", "age": 72, "description": "США", "image": "actors/rojer_allers.webp"}}, {"model": "movies.actor", "pk": 2, "fields": {"name": "Мэттью Бродерик", "age": 0, "description": "", "image": ""}}, {"model": "movies.actor", "pk": 3, "fields": {"name": "Джереми Айронс", "age": 0, "description": "", "image": ""}}, {"model": "movies.actor", "pk": 4, "fields": {"name": "Нэйтан Лейн", "age": 0, "description": "", "image": ""}}, {"model": "movies.actor", "pk": 5, "fields": {"name": "Мэттью МакКонахи", "age": 51, "description": "4 ноября, 1969 • Скорпион • 51 год", "image": "actors/McConaughey.webp"}}, {"model": "movies.actor", "pk": 6, "fields": {"name": "Энн Хэтэуэй", "age": 38, "description": "Рост\r\n1.73 м\r\nДата рождения\r\n12 ноября, 1982 • Скорпион • 38 лет", "image": "actors/Hathaway.webp"}}, {"model": "movies.actor", "pk": 7, "fields": {"name": "Кристофер Нолан", "age": 50, "description": "Дата рождения\r\n30 июля, 1970 • Лев • 50 лет\r\nМесто рождения\r\nЛондон, Англия, Великобритания\r\nЖанры\r\nфантастика, триллер, боевик", "image": "actors/nolan.webp"}}, {"model": "movies.actor", "pk": 8, "fields": {"name": "Хоакин Феникс", "age": 46, "description": "Рост\r\n1.73 м\r\nДата рождения\r\n28 октября, 1974 • Скорпион • 46 лет\r\nМесто рождения\r\nСан-Хуан, Пуэрто-Рико", "image": "actors/phoenix.webp"}}, {"model": "movies.actor", "pk": 9, "fields": {"name": "Роберт Де Ниро", "age": 77, "description": "Рост\r\n1.77 м\r\nДата рождения\r\n17 августа, 1943 • Лев • 77 лет\r\nМесто рождения\r\nНью-Йорк, США", "image": "actors/de_niro.webp"}}, {"model": "movies.actor", "pk": 10, "fields": {"name": "Тодд Филлипс", "age": 50, "description": "Рост\r\n1.83 м\r\nДата рождения\r\n20 декабря, 1970 • Стрелец • 50 лет\r\nМесто рождения\r\nБруклин, Нью-Йорк, США", "image": "actors/phillips.webp"}}, {"model": "movies.actor", "pk": 11, "fields": {"name": "Фелисити Джонс", "age": 37, "description": "Рост\r\n1.6 м\r\nДата рождения\r\n17 октября, 1983 • Весы • 37 лет\r\nМесто рождения\r\nБирмингем, Уорикшир, Англия, Великобритания", "image": "actors/jones.webp"}}, {"model": "movies.actor", "pk": 12, "fields": {"name": "Гарет Эдвардс", "age": 46, "description": "Рост\r\n1.71 м\r\nДата рождения\r\n1 июня, 1975 • Близнецы • 46 лет\r\nМесто рождения\r\nНанитон, Уорвикшир, Великобритания", "image": "actors/edwards.webp"}}, {"model": "movies.actor", "pk": 13, "fields": {"name": "Арнольд Шварценеггер", "age": 73, "description": "Рост\r\n1.85 м\r\nДата рождения\r\n30 июля, 1947 • Лев • 73 года\r\nМесто рождения\r\nТаль, Грац, Австрия", "image": "actors/arnold_xCuc2Kp.jpg"}}, {"model": "movies.actor", "pk": 14, "fields": {"name": "Линда Хэмилтон", "age": 64, "description": "Рост\r\n1.68 м\r\nДата рождения\r\n26 сентября, 1956 • Весы • 64 года\r\nМесто рождения\r\nСолсбери, Мэриленд, США", "image": "actors/linda_hamilton.jpg"}}, {"model": "movies.actor", "pk": 15, "fields": {"name": "Джеймс Кэмерон", "age": 66, "description": "Рост\r\n1.87 м\r\nДата рождения\r\n16 августа, 1954 • Лев • 66 лет\r\nМесто рождения\r\nКапускасинг, Онтарио, Канада", "image": "actors/cameron_WCdJGlg.jpg"}}, {"model": "movies.actor", "pk": 16, "fields": {"name": "Мортен Тильдум", "age": 54, "description": "Рост\r\n1.77 м\r\nДата рождения\r\n19 мая, 1967 • Телец • 54 года\r\nМесто рождения\r\nБерген, Норвегия", "image": "actors/tyldum.jpg"}}, {"model": "movies.actor", "pk": 17, "fields": {"name": "Дженнифер Лоуренс", "age": 30, "description": "Рост\r\n1.75 м\r\nДата рождения\r\n15 августа, 1990 • Лев • 30 лет\r\nМесто рождения\r\nЛуисвилл, Кентукки, США", "image": "actors/lawrence_o7NGcQt.jpg"}}, {"model": "movies.actor", "pk": 18, "fields": {"name": "Крис Пратт", "age": 42, "description": "Рост\r\n1.88 м\r\nДата рождения\r\n21 июня, 1979 • Близнецы • 42 года\r\nМесто рождения\r\nВирджиния, Миннесота, США", "image": "actors/chris_pratt.jpg"}}, {"model": "movies.actor", "pk": 19, "fields": {"name": "Майкл Шин", "age": 52, "description": "Рост\r\n1.78 м\r\nДата рождения\r\n5 февраля, 1969 • Водолей • 52 года\r\nМесто рождения\r\nНьюпорт, Уэльс, Великобритания", "image": "actors/michael_sheen.jpg"}}, {"model": "movies.actor", "pk": 20, "fields": {"name": "Дэвид Швиммер", "age": 54, "description": "Рост\r\n1.85 м\r\nДата рождения\r\n2 ноября, 1966 • Скорпион • 54 года\r\nМесто рождения\r\nАстория, Нью-Йорк, США", "image": "actors/david_schwimmer.jpg"}}, {"model": "movies.actor", "pk": 21, "fields": {"name": "Дженнифер Энистон", "age": 52, "description": "Рост\r\n1.64 м\r\nДата рождения\r\n11 февраля, 1969 • Водолей • 52 года\r\nМесто рождения\r\nШерман Оукс, Калифорния, США", "image": "actors/jenifer_aniston.jpg"}}, {"model": "movies.actor", "pk": 22, "fields": {"name": "Кортни Кокс", "age": 57, "description": "Рост\r\n1.65 м\r\nДата рождения\r\n15 июня, 1964 • Близнецы • 57 лет\r\nМесто рождения\r\nБирмингем, Алабама, США", "image": "actors/courtney_cox.jpg"}}, {"model": "movies.actor", "pk": 23, "fields": {"name": "Мэттью Перри", "age": 51, "description": "Карьера\r\nАктер, Продюсер, Сценарист, Режиссер\r\nРост\r\n1.83 м\r\nДата рождения\r\n19 августа, 1969 • Лев • 51 год", "image": "actors/matthew_perry.jpg"}}, {"model": "movies.actor", "pk": 24, "fields": {"name": "Майкл Лембек", "age": 51, "description": "Карьера\r\nАктер, Продюсер, Сценарист, Режиссер\r\nРост\r\n1.83 м\r\nДата рождения\r\n19 августа, 1969 • Лев • 51 год", "image": "actors/michael_lembeck.jpg"}}, {"model": "movies.actor", "pk": 25, "fields": {"name": "Крис Бак", "age": 60, "description": "Дата рождения\r\n25 октября, 1960 • Скорпион • 60 лет\r\nМесто рождения\r\nУичито, Канзас, США", "image": "actors/chris_buck.jpg"}}, {"model": "movies.actor", "pk": 26, "fields": {"name": "Кристен Белл", "age": 40, "description": "Рост\r\n1.55 м\r\nДата рождения\r\n18 июля, 1980 • Рак • 40 лет\r\nМесто рождения\r\nХаннтингтон Вудс, Мичиган, США", "image": "actors/bell.jpg"}}, {"model": "movies.actor", "pk": 27, "fields": {"name": "Гэрри Маршалл", "age": 81, "description": "Рост\r\n1.78 м\r\nДата рождения\r\n13 ноября, 1934 • Скорпион\r\nМесто рождения\r\nНью-Йорк, США\r\nДата смерти\r\n19 июля, 2016 • 81 год", "image": "actors/garry_marshal.jpg"}}, {"model": "movies.actor", "pk": 28, "fields": {"name": "Ричард Гир", "age": 71, "description": "Рост\r\n1.78 м\r\nДата рождения\r\n31 августа, 1949 • Дева • 71 год\r\nМесто рождения\r\nФиладельфия, Пенсильвания, США", "image": "actors/richard_gere.jpg"}}, {"model": "movies.actor", "pk": 29, "fields": {"name": "Джулия Робертс", "age": 53, "description": "Рост\r\n1.73 м\r\nДата рождения\r\n28 октября, 1967 • Скорпион • 53 года\r\nМесто рождения\r\nСмирна, Джорджия, США", "image": "actors/julia_roberts.jpg"}}, {"model": "movies.actor", "pk": 30, "fields": {"name": "Том МакГрат", "age": 56, "description": "Дата рождения\r\n7 августа, 1964 • Лев • 56 лет\r\nМесто рождения\r\nЛинвуд, Вашингтон, США", "image": "actors/tom-mcgrath.jpg"}}, {"model": "movies.actor", "pk": 31, "fields": {"name": "Алек Болдуин", "age": 63, "description": "Рост\r\n1.82 м\r\nДата рождения\r\n3 апреля, 1958 • Овен • 63 года\r\nМесто рождения\r\nМассапекуа, Нью-Йорк, США", "image": "actors/Alec_Baldwin.jpg"}}, {"model": "movies.actor", "pk": 32, "fields": {"name": "Шэрон Стоун", "age": 63, "description": "Рост\r\n1.74 м\r\nДата рождения\r\n10 марта, 1958 • Рыбы • 63 года\r\nМесто рождения\r\nМидвилл, Пенсильвания, США", "image": "actors/stone.jpg"}}, {"model": "movies.actor", "pk": 33, "fields": {"name": "Майкл Дуглас", "age": 76, "description": "Рост\r\n1.78 м\r\nДата рождения\r\n25 сентября, 1944 • Весы • 76 лет", "image": "actors/michael_douglas.jpg"}}, {"model": "movies.actor", "pk": 34, "fields": {"name": "Пол Верховен", "age": 82, "description": "Рост\r\n1.73 м\r\nДата рождения\r\n18 июля, 1938 • Рак • 82 года\r\nМесто рождения\r\nАмстердам, Нидерланды", "image": "actors/paul_verhoeven.jpg"}}, {"model": "movies.actor", "pk": 35, "fields": {"name": "Лана Вачовски", "age": 56, "description": "Рост\r\n1.79 м\r\nДата рождения\r\n21 июня, 1965 • Близнецы • 56 лет\r\nМесто рождения\r\nЧикаго, Иллинойс, США", "image": "actors/lana_wachowski.jpg"}}, {"model": "movies.actor", "pk": 36, "fields": {"name": "Лилли Вачовски", "age": 53, "description": "Рост\r\n1.91 м\r\nДата рождения\r\n29 декабря, 1967 • Козерог • 53 года\r\nМесто рождения\r\nЧикаго, Иллинойс, США", "image": "actors/lilly_wachowski.jpg"}}, {"model": "movies.actor", "pk": 37, "fields": {"name": "Киану Ривз", "age": 56, "description": "Рост\r\n1.86 м\r\nДата рождения\r\n2 сентября, 1964 • Дева • 56 лет\r\nМесто рождения\r\nБейрут, Ливан", "image": "actors/Keanu_reevs.jpg"}}, {"model": "movies.actor", "pk": 38, "fields": {"name": "Лоренс Фишбёрн", "age": 59, "description": "Рост\r\n1.84 м\r\nДата рождения\r\n30 июля, 1961 • Лев • 59 лет\r\nМесто рождения\r\nОгаста, Джорджия, США", "image": "actors/laurence_fishburn.jpg"}}, {"model": "movies.actor", "pk": 39, "fields": {"name": "Кэрри-Энн Мосс", "age": 53, "description": "Рост\r\n1.74 м\r\nДата рождения\r\n21 августа, 1967 • Лев • 53 года\r\nМесто рождения\r\nВанкувер, Британская Колумбия, Канада", "image": "actors/carrie-ann_moss.jpg"}}, {"model": "movies.actor", "pk": 40, "fields": {"name": "Хьюго Уивинг", "age": 61, "description": "Рост\r\n1.88 м\r\nДата рождения\r\n4 апреля, 1960 • Овен • 61 год\r\nМесто рождения\r\nИбадан, Нигерия", "image": "actors/hugo_weaving.jpg"}}, {"model": "movies.actor", "pk": 41, "fields": {"name": "Эдриан Лайн", "age": 80, "description": "Карьера\r\nРежиссер, Сценарист, Продюсер\r\nРост\r\n1.88 м\r\nДата рождения\r\n4 марта, 1941 • Рыбы • 80 лет\r\nМесто рождения\r\nПитерборо, Кембриджшир, Англия, Великобритания", "image": "actors/adrian_lyne.jpg"}}, {"model": "movies.actor", "pk": 42, "fields": {"name": "Микки Рурк", "age": 68, "description": "Рост\r\n1.8 м\r\nДата рождения\r\n16 сентября, 1952 • Дева • 68 лет\r\nМесто рождения\r\nСкенектади, Нью-Йорк, США", "image": "actors/mickey_rourke.jpg"}}, {"model": "movies.actor", "pk": 43, "fields": {"name": "Ким Бейсингер", "age": 67, "description": "Рост\r\n1.72 м\r\nДата рождения\r\n8 декабря, 1953 • Стрелец • 67 лет\r\nМесто рождения\r\nАфины, Джорджия, США", "image": "actors/kim_basinger.jpg"}}, {"model": "movies.actor", "pk": 44, "fields": {"name": "Джордж Лукас", "age": 77, "description": "Рост\r\n1.7 м\r\nДата рождения\r\n14 мая, 1944 • Телец • 77 лет\r\nМесто рождения\r\nМодесто, Калифорния, США", "image": "actors/george_lucas.jpg"}}, {"model": "movies.actor", "pk": 45, "fields": {"name": "Марк Хэмилл", "age": 69, "description": "Рост\r\n1.75 м\r\nДата рождения\r\n25 сентября, 1951 • Весы • 69 лет\r\nМесто рождения\r\nКонкорд, Калифорния, США", "image": "actors/mark_hamill.jpg"}}, {"model": "movies.actor", "pk": 46, "fields": {"name": "Харрисон Форд", "age": 79, "description": "Рост\r\n1.85 м\r\nДата рождения\r\n13 июля, 1942 • Рак • 79 лет\r\nМесто рождения\r\nЧикаго, Иллинойс, США", "image": "actors/harrison_ford.jpg"}}, {"model": "movies.actor", "pk": 47, "fields": {"name": "Кэрри Фишер", "age": 60, "description": "Рост\r\n1.55 м\r\nДата рождения\r\n21 октября, 1956 • Весы\r\nМесто рождения\r\nЛос-Анджелес, Калифорния, США\r\nДата смерти\r\n27 декабря, 2016 • 60 лет", "image": "actors/carry_fisher.jpg"}}, {"model": "movies.genre", "pk": 1, "fields": {"name": "Мюзикл", "description": "", "url": "musical"}}, {"model": "movies.genre", "pk": 2, "fields": {"name": "Драма", "description": "", "url": "drama"}}, {"model": "movies.genre", "pk": 3, "fields": {"name": "Фантастика", "description": "", "url": "sci-fi"}}, {"model": "movies.genre", "pk": 4, "fields": {"name": "Приключения", "description": "", "url": "adventure"}}, {"model": "movies.genre", "pk": 5, "fields": {"name": "Триллер", "description": "", "url": "Thriller"}}, {"model": "movies.genre", "pk": 6, "fields": {"name": "Боевик", "description": "", "url": "action_film"}}, {"model": "movies.genre", "pk": 7, "fields": {"name": "Мелодрама", "description": "", "url": "melodrama"}}, {"model": "movies.genre", "pk": 8, "fields": {"name": "Комедия", "description": "", "url": "comedy"}}, {"model": "movies.genre", "pk": 9, "fields": {"name": "Детектив", "description": "", "url": "detective"}}, {"model": "movies.movie", "pk": 1, "fields": {"title": "Король Лев", "tagline": "The Circle of Life", "description": "<p>У величественного Короля-Льва Муфасы рождается наследник по имени Симба.&nbsp;<br />\r\nУже в детстве любознательный малыш становится жертвой интриг своего завистливого дяди Шрама, мечтающего о власти.</p>\r\n\r\n<p>Симба познаёт горе утраты, предательство и изгнание, но в конце концов обретает верных друзей и находит любимую.&nbsp;<br />\r\nЗакалённый испытаниями, он в нелёгкой борьбе отвоёвывает своё законное место в &laquo;Круге жизни&raquo;, осознав,&nbsp;<br />\r\nчто значит быть настоящим Королём.</p>\r\n\r\n<p>&nbsp;</p>\r\n\r\n<p><iframe allowfullscreen=\"\" frameborder=\"0\" height=\"360\" src=\"https://www.youtube.com/embed/zKeYIxFGxZg\" width=\"640\"></iframe></p>", "poster": "movies/lion-king.jpg", "year": 1994, "country": "США", "world_premiere": "1994-06-12", "budget": 45000000, "fees_in_usa": 312855561, "fess_in_world": 763455561, "category": 1, "url": "lion-king", "draft": false, "directors": [1], "actors": [2, 3, 4], "genres": [1, 2]}}, {"model": "movies.movie", "pk": 2, "fields": {"title": "Интерстеллар", "tagline": "Следующий шаг человечества станет величайшим", "description": "<p>Когда засуха, пыльные бури и вымирание растений приводят человечество к продовольственному кризису,&nbsp;<br />\r\nколлектив исследователей и учёных отправляется сквозь червоточину (которая предположительно соединяет&nbsp;<br />\r\nобласти пространства-времени через большое расстояние) в путешествие, чтобы превзойти прежние ограничения&nbsp;<br />\r\nдля космических путешествий человека и найти планету с подходящими для человечества условиями.</p>\r\n\r\n<p><iframe allowfullscreen=\"\" frameborder=\"0\" height=\"360\" src=\"https://www.youtube.com/embed/M-YYxouM2CU\" width=\"640\"></iframe></p>", "poster": "movies/interstellar.jpg", "year": 2014, "country": "США, Великобритания, Канада", "world_premiere": "2021-07-11", "budget": 165000000, "fees_in_usa": 188020017, "fess_in_world": 188020017, "category": 3, "url": "interstellar", "draft": false, "directors": [7], "actors": [5, 6], "genres": [3, 4]}}, {"model": "movies.movie", "pk": 3, "fields": {"title": "Джокер", "tagline": "Сделай счастливое лицо", "description": "<p>Готэм, начало 1980-х годов. Комик Артур Флек живет с больной матерью, которая с детства учит его &laquo;ходить с улыбкой&raquo;.<br />\r\n&nbsp;Пытаясь нести в мир хорошее и дарить людям радость, Артур сталкивается с человеческой жестокостью и&nbsp;<br />\r\nпостепенно приходит к выводу,&nbsp;<br />\r\nчто этот мир получит от него не добрую улыбку, а ухмылку злодея Джокера.</p>", "poster": "movies/joker.jpg", "year": 2019, "country": "США, Канада", "world_premiere": "2019-08-31", "budget": 55000000, "fees_in_usa": 335451311, "fess_in_world": 1074251311, "category": 3, "url": "joker", "draft": false, "directors": [10], "actors": [8, 9], "genres": [5]}}, {"model": "movies.movie", "pk": 4, "fields": {"title": "Изгой Один: Звёздные войны", "tagline": "Мятеж с надеждой в сердце", "description": "<p>Сопротивление собирает отряд для выполнения особой миссии - надо выкрасть чертежи самого совершенного&nbsp;и смертоносного оружия Империи. Возглавляет бойцов неуправляемая и бесстрашная Джин Эрсо,&nbsp;у которой в этом самоубийственном задании есть и личные мотивы. Не всем суждено вернуться домой,&nbsp;но герои готовы к этому, ведь на кону судьба Галактики.</p>", "poster": "movies/rogue-1.webp", "year": 2016, "country": "США", "world_premiere": "2021-07-12", "budget": 200000000, "fees_in_usa": 532177324, "fess_in_world": 1056057273, "category": 3, "url": "rogue-one", "draft": false, "directors": [12], "actors": [11], "genres": [3, 4, 6]}}, {"model": "movies.movie", "pk": 5, "fields": {"title": "Терминатор", "tagline": "Твое будущее в его руках", "description": "<p>История противостояния солдата Кайла Риза и киборга-терминатора, прибывших в 1984-й год из пост-апокалиптического будущего, где миром правят машины-убийцы, а человечество находится на грани вымирания. Цель киборга: убить девушку по имени Сара Коннор, чей ещё нерождённый сын к 2029 году выиграет войну человечества с машинами. Цель Риза: спасти Сару и остановить Терминатора любой ценой.<br />\r\n&nbsp;</p>", "poster": "movies/term1-2.jpg", "year": 1984, "country": "Великобритания, США", "world_premiere": "1984-10-26", "budget": 6400000, "fees_in_usa": 38371200, "fess_in_world": 78371200, "category": 3, "url": "terminator", "draft": false, "directors": [15], "actors": [13, 14], "genres": [3, 5, 6]}}, {"model": "movies.movie", "pk": 6, "fields": {"title": "Пассажиры", "tagline": "Ничто не случайно", "description": "<p>Космический корабль с 5 000 пассажирами на борту, погруженными на время полета в искусственный сон,&nbsp;держит курс на&nbsp;планету, которая станет для них новым домом. Всё идет по плану,&nbsp;&nbsp;но из-за сбоя системы двое пассажиров неожиданно просыпаются и понимают,&nbsp;&nbsp;что до конечного пункта путешествия 90 лет пути, и им суждено остаток жизни провести вдвоем в роскошных&nbsp;интерьерах корабля, оснащенного по последнему слову техники.&nbsp;Постепенно Джима и Аврору начинает непреодолимо тянуть друг к другу, но корабль попадает в беду,&nbsp;и теперь в их руках &ndash; жизнь и судьба всех обитателей корабля.</p>", "poster": "movies/passengers.jpg", "year": 2016, "country": "США, Австралия", "world_premiere": "2016-12-14", "budget": 110000000, "fees_in_usa": 100014699, "fess_in_world": 303144152, "category": 3, "url": "passengers", "draft": false, "directors": [16], "actors": [17, 18, 19], "genres": [2, 3, 5, 7]}}, {"model": "movies.movie", "pk": 7, "fields": {"title": "Друзья", "tagline": "Everybody needs Friends!", "description": "<p>Шестеро друзей &ndash; Рейчел, Моника, Фиби, Джоуи, Чендлер и Росс &ndash; живут по соседству, вместе убивают время, делятся секретами и иногда очень сильно влюбляются.</p>", "poster": "movies/friends.jpg", "year": 1994, "country": "США", "world_premiere": "1994-09-22", "budget": 1, "fees_in_usa": 1, "fess_in_world": 1, "category": 2, "url": "friends", "draft": false, "directors": [24], "actors": [20, 21, 22, 23], "genres": [7, 8]}}, {"model": "movies.movie", "pk": 8, "fields": {"title": "Холодное сердце", "tagline": "From the creators of «Tangled» and «Wreck-It Ralph»", "description": "<p>Анна и Эльза &mdash; родные сестры, которые ищут путь к сердцу друг друга. Мюзикл о любви, способной растопить лед</p>", "poster": "movies/frozen.jpeg", "year": 2013, "country": "США, Норвегия", "world_premiere": "2013-11-12", "budget": 150000000, "fees_in_usa": 400738009, "fess_in_world": 1280802282, "category": 1, "url": "frozen", "draft": false, "directors": [25], "actors": [26], "genres": [1, 4, 7, 8]}}, {"model": "movies.movie", "pk": 9, "fields": {"title": "Красотка", "tagline": "Она вышла на улицу, вошла в его жизнь и украла его сердце", "description": "<p>Финансовый магнат Эдвард Льюис, проезжая по ночному городу, останавливается около красивой женщины. Ее зовут Вивьен и она берет только наличными. Наутро он понимает, что не хочет расставаться с ней и предлагает девушке остаться в его номере в отеле еще на некоторое время - за дополнительный гонорар.</p>\r\n\r\n<p>Вивьен оказывается в море блеска и лжи. Она терпит небрежное отношение к ней ради понравившегося мужчины, который перестал быть для нее просто клиентом.</p>", "poster": "movies/pretty_woman.jpg", "year": 1990, "country": "США", "world_premiere": "1990-03-23", "budget": 14000000, "fees_in_usa": 178406268, "fess_in_world": 463406268, "category": 3, "url": "pretty_woman", "draft": false, "directors": [27], "actors": [28, 29], "genres": [7, 8]}}, {"model": "movies.movie", "pk": 10, "fields": {"title": "Босс-молокосос 2", "tagline": "Новая соска - просто бомба", "description": "<p>Братья Тим&nbsp;и Тед&nbsp;давно повзрослели и&nbsp;отдалились друг от&nbsp;друга. Тед&nbsp;стал генеральным директором инвестиционного фонда, а&nbsp;Тим посвятил себя семье. Он&nbsp;женился, поселился в&nbsp;пригороде и&nbsp;обзавелся двумя прекрасными дочерьми&nbsp;&mdash;&nbsp;Тиной и&nbsp;Табитой. 7-летняя Табита&nbsp;&mdash;&nbsp;умная и&nbsp;очень усердная. Несмотря на&nbsp;свой юный возраст, она&nbsp;уже лучшая в&nbsp;классе, а&nbsp;малышка Тина на&nbsp;самом деле оказывается агентом компании BabyCorp.</p>\r\n\r\n<p>Узнав, что&nbsp;злой гений доктор Эрвин Армстронг выращивает целую армию злобных малышей, Тина с&nbsp;помощью своего папы и&nbsp;дяди решает противостоять ему.</p>", "poster": "movies/boss-baby.jpg", "year": 2021, "country": "США", "world_premiere": "2021-07-01", "budget": 32226510, "fees_in_usa": 32226510, "fess_in_world": 33974510, "category": 1, "url": "baby-boss-2", "draft": false, "directors": [30], "actors": [31], "genres": [4, 8]}}, {"model": "movies.movie", "pk": 11, "fields": {"title": "Основной инстинкт", "tagline": "Flesh seduces. Passion kills", "description": "<p>Детектив Ник&nbsp;Каррен ведет расследование по&nbsp;делу об&nbsp;убийстве на&nbsp;сексуальной почве. Подозрение падает на&nbsp;подругу убитого Кэтрин&nbsp;&mdash;&nbsp;писательницу, автора шокирующих романов, которая в&nbsp;своей последней книге подробно описала абсолютно аналогичное преступление. Но&nbsp;обворожительная, неимоверно сексуальная писательница обладает удивительной способностью манипулировать мужчинами, пробуждая в&nbsp;них один из&nbsp;самых основных инстинктов.</p>", "poster": "movies/instinct.jpg", "year": 1992, "country": "США, Франция", "world_premiere": "1992-03-20", "budget": 49000000, "fees_in_usa": 117727224, "fess_in_world": 352927224, "category": 3, "url": "basic-instinct", "draft": false, "directors": [34], "actors": [32, 33], "genres": [2, 5, 9]}}, {"model": "movies.movie", "pk": 12, "fields": {"title": "Матрица", "tagline": "Добро пожаловать в реальный мир", "description": "<p>Жизнь Томаса Андерсона разделена на&nbsp;две части: днём он&nbsp;&mdash;&nbsp;самый обычный офисный работник, получающий нагоняи от&nbsp;начальства, а&nbsp;ночью превращается в&nbsp;хакера по&nbsp;имени Нео, и&nbsp;нет места в&nbsp;сети, куда он&nbsp;бы не&nbsp;смог проникнуть. Но&nbsp;однажды всё меняется. Томас узнаёт ужасающую правду о&nbsp;реальности.</p>", "poster": "movies/matrix.jpg", "year": 1999, "country": "США", "world_premiere": "1999-03-24", "budget": 93000000, "fees_in_usa": 171479930, "fess_in_world": 463517383, "category": 3, "url": "matrix", "draft": false, "directors": [35, 36], "actors": [37, 38, 39, 40], "genres": [3, 6]}}, {"model": "movies.movie", "pk": 13, "fields": {"title": "9 1/2 недель", "tagline": "Desire. Infatuation. Obsession", "description": "<p>Когда Элизабет встречает Джона, ее уравновешенность улетучивается в одно мгновение. Изощренный соблазнитель втягивает ее в эффектную любовную игру, которая заставляет ее отказаться от прежних жизненных принципов. Их свидания - это утоление голода, это мед, стекающий по ее груди, это клубника, которую он губами вынимает у нее изо рта.</p>\r\n\r\n<p>Их постель - это металлическая лестница в подворотне, где они занимаются любовью. И сама их любовь - это дождь, льющийся из разверзшихся небес, это землетрясение, это всесокрушающий ураган.</p>\r\n\r\n<p>Их любовь - это трагическая невозможность жить вместе, потому что вместо вопроса &laquo;что я могу сделать для тебя?&raquo; оба задаются вопросом &laquo;на что ты готов пойти ради меня?&raquo;...</p>", "poster": "movies/9weeks_2.jpg", "year": 1985, "country": "США", "world_premiere": "2021-07-13", "budget": 17000000, "fees_in_usa": 6735922, "fess_in_world": 23700000, "category": 3, "url": "9weeks", "draft": false, "directors": [41], "actors": [42, 43], "genres": [2, 7]}}, {"model": "movies.movie", "pk": 14, "fields": {"title": "Звездные войны IV", "tagline": "Coming to your galaxy this summer", "description": "<p>Татуин. Планета-пустыня. Уже постаревший рыцарь Джедай Оби Ван Кеноби спасает молодого Люка Скайуокера, когда тот пытается отыскать пропавшего дроида. С этого момента Люк осознает свое истинное назначение: он один из рыцарей Джедай. В то время как гражданская война охватила галактику, а войска повстанцев ведут бои против сил злого Императора, к Люку и Оби Вану присоединяется отчаянный пилот-наемник Хан Соло, и в сопровождении двух дроидов, R2D2 и C-3PO, этот необычный отряд отправляется на поиски предводителя повстанцев &ndash; принцессы Леи. Героям предстоит отчаянная схватка с устрашающим Дартом Вейдером &ndash; правой рукой Императора и его секретным оружием &ndash; &laquo;Звездой Смерти&raquo;.</p>", "poster": "movies/star-war-iv.jpg", "year": 1977, "country": "США", "world_premiere": "1977-05-25", "budget": 11000000, "fees_in_usa": 307263857, "fess_in_world": 503015849, "category": 3, "url": "star-war-iv", "draft": false, "directors": [44], "actors": [45, 46, 47], "genres": [3, 4, 6]}}, {"model": "movies.movie", "pk": 15, "fields": {"title": "Терминатор 2: Судный день", "tagline": "Same Make. Same Model. New Mission", "description": "<p>Прошло более десяти лет с тех пор, как киборг из 2029 года пытался уничтожить Сару Коннор &mdash; женщину, чей будущий сын выиграет войну человечества против машин.</p>\r\n\r\n<p>Теперь у Сары родился сын Джон и время, когда он поведёт за собой выживших людей на борьбу с машинами, неумолимо приближается. Именно в этот момент из постапокалиптического будущего прибывает новый терминатор &mdash; практически неуязвимая модель T-1000, способная принимать любое обличье. Цель нового терминатора уже не Сара, а уничтожение молодого Джона Коннора.</p>\r\n\r\n<p>Однако шансы Джона на спасение существенно повышаются, когда на помощь приходит перепрограммированный сопротивлением терминатор предыдущего поколения. Оба киборга вступают в смертельный бой, от исхода которого зависит судьба человечества.</p>", "poster": "movies/term2.jpg", "year": 1991, "country": "США, Франция", "world_premiere": "1991-07-01", "budget": 102000000, "fees_in_usa": 204843345, "fess_in_world": 516950043, "category": 3, "url": "terminator-2", "draft": false, "directors": [15], "actors": [13, 14], "genres": [3, 5, 6]}}, {"model": "movies.movieshots", "pk": 1, "fields": {"title": "kl_1", "description": "", "image": "movie_shots/lion-king.webp", "movie": 1}}, {"model": "movies.movieshots", "pk": 2, "fields": {"title": "kl_2", "description": "", "image": "movie_shots/lion-king-2.webp", "movie": 1}}, {"model": "movies.movieshots", "pk": 3, "fields": {"title": "kl_3", "description": "", "image": "movie_shots/lion-king-3.webp", "movie": 1}}, {"model": "movies.movieshots", "pk": 4, "fields": {"title": "kl_4", "description": "", "image": "movie_shots/lion-king-4.webp", "movie": 1}}, {"model": "movies.movieshots", "pk": 5, "fields": {"title": "kl_5", "description": "", "image": "movie_shots/lion-king-5.webp", "movie": 1}}, {"model": "movies.movieshots", "pk": 6, "fields": {"title": "interstellar1", "description": "", "image": "movie_shots/interstellar.webp", "movie": 2}}, {"model": "movies.movieshots", "pk": 7, "fields": {"title": "interstellar2", "description": "", "image": "movie_shots/interstellar-2.webp", "movie": 2}}, {"model": "movies.movieshots", "pk": 8, "fields": {"title": "interstellar3", "description": "", "image": "movie_shots/interstellar-3.webp", "movie": 2}}, {"model": "movies.movieshots", "pk": 9, "fields": {"title": "interstellar4", "description": "", "image": "movie_shots/interstellar-5.webp", "movie": 2}}, {"model": "movies.movieshots", "pk": 10, "fields": {"title": "interstellar5", "description": "", "image": "movie_shots/interstellar-6.webp", "movie": 2}}, {"model": "movies.movieshots", "pk": 11, "fields": {"title": "joker1", "description": "", "image": "movie_shots/joker.webp", "movie": 3}}, {"model": "movies.movieshots", "pk": 12, "fields": {"title": "joker2", "description": "", "image": "movie_shots/joker-1.webp", "movie": 3}}, {"model": "movies.movieshots", "pk": 13, "fields": {"title": "joker3", "description": "", "image": "movie_shots/joker-3.webp", "movie": 3}}, {"model": "movies.movieshots", "pk": 14, "fields": {"title": "joker4", "description": "", "image": "movie_shots/joker-4.webp", "movie": 3}}, {"model": "movies.movieshots", "pk": 15, "fields": {"title": "joker5", "description": "", "image": "movie_shots/joker-5.webp", "movie": 3}}, {"model": "movies.movieshots", "pk": 16, "fields": {"title": "rogue_1", "description": "", "image": "movie_shots/roug-ss-1.webp", "movie": 4}}, {"model": "movies.movieshots", "pk": 17, "fields": {"title": "rogue_2", "description": "", "image": "movie_shots/roug-ss-2.webp", "movie": 4}}, {"model": "movies.movieshots", "pk": 18, "fields": {"title": "rogue_3", "description": "", "image": "movie_shots/roug-ss-3.webp", "movie": 4}}, {"model": "movies.movieshots", "pk": 19, "fields": {"title": "rogue_4", "description": "", "image": "movie_shots/roug-ss-4.webp", "movie": 4}}, {"model": "movies.movieshots", "pk": 20, "fields": {"title": "terminator_1", "description": "", "image": "movie_shots/terminator-1.webp", "movie": 5}}, {"model": "movies.movieshots", "pk": 21, "fields": {"title": "terminator_2", "description": "", "image": "movie_shots/terminator-2.webp", "movie": 5}}, {"model": "movies.movieshots", "pk": 22, "fields": {"title": "terminator_3", "description": "", "image": "movie_shots/terminator-3.webp", "movie": 5}}, {"model": "movies.movieshots", "pk": 23, "fields": {"title": "terminator_4", "description": "", "image": "movie_shots/terminator-4.webp", "movie": 5}}, {"model": "movies.movieshots", "pk": 24, "fields": {"title": "terminator_5", "description": "", "image": "movie_shots/terminator-5.webp", "movie": 5}}, {"model": "movies.movieshots", "pk": 25, "fields": {"title": "passengers-1", "description": "", "image": "movie_shots/passangers-1.webp", "movie": 6}}, {"model": "movies.movieshots", "pk": 26, "fields": {"title": "passengers-2", "description": "", "image": "movie_shots/passangers-2.webp", "movie": 6}}, {"model": "movies.movieshots", "pk": 27, "fields": {"title": "passengers-3", "description": "", "image": "movie_shots/passangers-3.webp", "movie": 6}}, {"model": "movies.movieshots", "pk": 28, "fields": {"title": "passengers-4", "description": "", "image": "movie_shots/passangers-4.webp", "movie": 6}}, {"model": "movies.movieshots", "pk": 29, "fields": {"title": "passengers-5", "description": "", "image": "movie_shots/passangers-5.webp", "movie": 6}}, {"model": "movies.movieshots", "pk": 30, "fields": {"title": "passengers-5", "description": "", "image": "movie_shots/passangers-6.webp", "movie": 6}}, {"model": "movies.movieshots", "pk": 31, "fields": {"title": "friends_1", "description": "", "image": "movie_shots/friends-1.webp", "movie": 7}}, {"model": "movies.movieshots", "pk": 32, "fields": {"title": "friends_2", "description": "", "image": "movie_shots/friends-2.webp", "movie": 7}}, {"model": "movies.movieshots", "pk": 33, "fields": {"title": "friends_3", "description": "", "image": "movie_shots/friends-3.webp", "movie": 7}}, {"model": "movies.movieshots", "pk": 34, "fields": {"title": "friends_4", "description": "", "image": "movie_shots/friends-4.webp", "movie": 7}}, {"model": "movies.movieshots", "pk": 35, "fields": {"title": "friends_5", "description": "", "image": "movie_shots/friends-5.webp", "movie": 7}}, {"model": "movies.movieshots", "pk": 36, "fields": {"title": "friends_6", "description": "", "image": "movie_shots/friends-6.webp", "movie": 7}}, {"model": "movies.movieshots", "pk": 37, "fields": {"title": "frozen_1", "description": "", "image": "movie_shots/frozen-4.webp", "movie": 8}}, {"model": "movies.movieshots", "pk": 38, "fields": {"title": "frozen_2", "description": "", "image": "movie_shots/frozen-5.webp", "movie": 8}}, {"model": "movies.movieshots", "pk": 39, "fields": {"title": "frozen_3", "description": "", "image": "movie_shots/frozen-6.webp", "movie": 8}}, {"model": "movies.movieshots", "pk": 40, "fields": {"title": "frozen_4", "description": "", "image": "movie_shots/frozen-7.webp", "movie": 8}}, {"model": "movies.movieshots", "pk": 41, "fields": {"title": "pretty_woman_1", "description": "", "image": "movie_shots/pretty-1.webp", "movie": 9}}, {"model": "movies.movieshots", "pk": 42, "fields": {"title": "pretty_woman_2", "description": "", "image": "movie_shots/pretty-2.webp", "movie": 9}}, {"model": "movies.movieshots", "pk": 43, "fields": {"title": "pretty_woman_3", "description": "", "image": "movie_shots/pretty-3.webp", "movie": 9}}, {"model": "movies.movieshots", "pk": 44, "fields": {"title": "pretty_woman_4", "description": "", "image": "movie_shots/pretty-4.webp", "movie": 9}}, {"model": "movies.movieshots", "pk": 45, "fields": {"title": "pretty_woman_5", "description": "", "image": "movie_shots/pretty-5.webp", "movie": 9}}, {"model": "movies.movieshots", "pk": 46, "fields": {"title": "bb-2-1", "description": "", "image": "movie_shots/big-b-b-1.webp", "movie": 10}}, {"model": "movies.movieshots", "pk": 47, "fields": {"title": "bb-2-1", "description": "", "image": "movie_shots/big-b-b-2.webp", "movie": 10}}, {"model": "movies.movieshots", "pk": 48, "fields": {"title": "bb-2-1", "description": "", "image": "movie_shots/big-b-b-3.webp", "movie": 10}}, {"model": "movies.movieshots", "pk": 49, "fields": {"title": "basic-instinct_1", "description": "", "image": "movie_shots/instinct-1.webp", "movie": 11}}, {"model": "movies.movieshots", "pk": 50, "fields": {"title": "basic-instinct_2", "description": "", "image": "movie_shots/instinct-4.webp", "movie": 11}}, {"model": "movies.movieshots", "pk": 51, "fields": {"title": "basic-instinct_3", "description": "", "image": "movie_shots/instinct-5.webp", "movie": 11}}, {"model": "movies.movieshots", "pk": 52, "fields": {"title": "basic-instinct_4", "description": "", "image": "movie_shots/instinct-2.webp", "movie": 11}}, {"model": "movies.movieshots", "pk": 53, "fields": {"title": "basic-instinct_5", "description": "", "image": "movie_shots/instinct-3.webp", "movie": 11}}, {"model": "movies.movieshots", "pk": 54, "fields": {"title": "matrix_1", "description": "", "image": "movie_shots/matrix-1.webp", "movie": 12}}, {"model": "movies.movieshots", "pk": 55, "fields": {"title": "matrix_2", "description": "", "image": "movie_shots/matrix-2.webp", "movie": 12}}, {"model": "movies.movieshots", "pk": 56, "fields": {"title": "matrix_3", "description": "", "image": "movie_shots/matrix-3.webp", "movie": 12}}, {"model": "movies.movieshots", "pk": 57, "fields": {"title": "matrix_4", "description": "", "image": "movie_shots/matrix-4.webp", "movie": 12}}, {"model": "movies.movieshots", "pk": 58, "fields": {"title": "matrix_5", "description": "", "image": "movie_shots/matrix-5.webp", "movie": 12}}, {"model": "movies.movieshots", "pk": 59, "fields": {"title": "matrix_6", "description": "", "image": "movie_shots/matrix-6.webp", "movie": 12}}, {"model": "movies.movieshots", "pk": 60, "fields": {"title": "9weeks_1", "description": "", "image": "movie_shots/9.5weeks-1.webp", "movie": 13}}, {"model": "movies.movieshots", "pk": 61, "fields": {"title": "9weeks_2", "description": "", "image": "movie_shots/9.5weeks-2.webp", "movie": 13}}, {"model": "movies.movieshots", "pk": 62, "fields": {"title": "9weeks_3", "description": "", "image": "movie_shots/9.5weeks-3.webp", "movie": 13}}, {"model": "movies.movieshots", "pk": 63, "fields": {"title": "9weeks_4", "description": "", "image": "movie_shots/9.5weeks-4.webp", "movie": 13}}, {"model": "movies.movieshots", "pk": 64, "fields": {"title": "9weeks_5", "description": "", "image": "movie_shots/9.5weeks-5.webp", "movie": 13}}, {"model": "movies.movieshots", "pk": 65, "fields": {"title": "star-war-IV_1", "description": "", "image": "movie_shots/star-war-iv.webp", "movie": 14}}, {"model": "movies.movieshots", "pk": 66, "fields": {"title": "star-war-IV_2", "description": "", "image": "movie_shots/star-war-iv-2.webp", "movie": 14}}, {"model": "movies.movieshots", "pk": 67, "fields": {"title": "star-war-IV_3", "description": "", "image": "movie_shots/star-war-iv-3.webp", "movie": 14}}, {"model": "movies.movieshots", "pk": 68, "fields": {"title": "star-war-IV_4", "description": "", "image": "movie_shots/star-war-iv-4.webp", "movie": 14}}, {"model": "movies.movieshots", "pk": 69, "fields": {"title": "star-war-IV_5", "description": "", "image": "movie_shots/star-war-iv-5.webp", "movie": 14}}, {"model": "movies.movieshots", "pk": 70, "fields": {"title": "star-war-IV_6", "description": "", "image": "movie_shots/star-war-iv-6.webp", "movie": 14}}, {"model": "movies.movieshots", "pk": 71, "fields": {"title": "star-war-IV_7", "description": "", "image": "movie_shots/star-war-iv-7.webp", "movie": 14}}, {"model": "movies.movieshots", "pk": 72, "fields": {"title": "terminator-2_1", "description": "", "image": "movie_shots/term2-1.webp", "movie": 15}}, {"model": "movies.movieshots", "pk": 73, "fields": {"title": "terminator-2_2", "description": "", "image": "movie_shots/term2-2.webp", "movie": 15}}, {"model": "movies.movieshots", "pk": 74, "fields": {"title": "terminator-2_3", "description": "", "image": "movie_shots/term2-3.webp", "movie": 15}}, {"model": "movies.movieshots", "pk": 75, "fields": {"title": "terminator-2_4", "description": "", "image": "movie_shots/term2-4.webp", "movie": 15}}, {"model": "movies.movieshots", "pk": 76, "fields": {"title": "terminator-2_5", "description": "", "image": "movie_shots/term2-6.webp", "movie": 15}}, {"model": "movies.ratingstar", "pk": 1, "fields": {"value": 1}}, {"model": "movies.ratingstar", "pk": 2, "fields": {"value": 2}}, {"model": "movies.ratingstar", "pk": 3, "fields": {"value": 3}}, {"model": "movies.ratingstar", "pk": 4, "fields": {"value": 4}}, {"model": "movies.ratingstar", "pk": 5, "fields": {"value": 5}}, {"model": "movies.rating", "pk": 1, "fields": {"ip": "127.0.0.1", "star": 4, "movie": 1}}, {"model": "movies.rating", "pk": 2, "fields": {"ip": "127.0.0.1", "star": 4, "movie": 10}}, {"model": "movies.rating", "pk": 3, "fields": {"ip": "127.0.0.1", "star": 4, "movie": 6}}, {"model": "movies.rating", "pk": 4, "fields": {"ip": "127.0.0.1", "star": 4, "movie": 11}} ]